{"cameraMode":{"drawMode":0,"name":"Shaded","section":"Shading Mode"},"sceneLighting":false,"audioPlay":false,"sceneViewState":{"showFog":true,"showMaterialUpdate":false,"showSkybox":true,"showFlares":true,"showImageEffects":true,"showParticleSystems":true},"in2DMode":false,"pivot":{"x":2.2400002479553224,"y":0.0,"z":-0.753000020980835},"rotation":{"x":-0.007740348111838102,"y":0.13369253277778626,"z":-0.0010442506754770876,"w":-0.9909921288490295},"size":4.201394081115723,"orthographic":false}