{"cameraMode":{"drawMode":0,"name":"Shaded","section":"Shading Mode"},"sceneLighting":false,"audioPlay":false,"sceneViewState":{"showFog":true,"showMaterialUpdate":false,"showSkybox":true,"showFlares":true,"showImageEffects":true,"showParticleSystems":true},"in2DMode":false,"pivot":{"x":-3.450000047683716,"y":0.0,"z":-1.0762999057769776},"rotation":{"x":-0.05122309923171997,"y":0.05000918358564377,"z":-0.0025681336410343649,"w":-0.9974310398101807},"size":12.383782386779786,"orthographic":false}