{"cameraMode":{"drawMode":0,"name":"Shaded","section":"Shading Mode"},"sceneLighting":false,"audioPlay":false,"sceneViewState":{"showFog":true,"showMaterialUpdate":false,"showSkybox":true,"showFlares":true,"showImageEffects":true,"showParticleSystems":true},"in2DMode":false,"pivot":{"x":2.159571409225464,"y":0.028688818216323854,"z":1.7333855628967286},"rotation":{"x":-0.015304118394851685,"y":0.027591433376073839,"z":-0.00042249151738360524,"w":-0.9995020627975464},"size":5.401394844055176,"orthographic":false}